<?xml version="1.0" encoding="UTF-8"?>
<project-private xmlns="http://www.netbeans.org/ns/project-private/1">
    <editor-bookmarks xmlns="http://www.netbeans.org/ns/editor-bookmarks/2" lastBookmarkId="0"/>
    <open-files xmlns="http://www.netbeans.org/ns/projectui-open-files/2">
        <group>
            <file>file:/home/ccslearner/NetBeansProjects/pc_rental/src/java/pc_rental_management/pc_information.java</file>
            <file>file:/home/ccslearner/NetBeansProjects/pc_rental/web/update_pc_processing.jsp</file>
            <file>file:/home/ccslearner/NetBeansProjects/pc_rental/web/pc_info_options.html</file>
            <file>file:/home/ccslearner/NetBeansProjects/pc_rental/web/update_pc.jsp</file>
            <file>file:/home/ccslearner/NetBeansProjects/pc_rental/web/update_pc_confirm.jsp</file>
            <file>file:/home/ccslearner/NetBeansProjects/pc_rental/web/view_account.jsp</file>
            <file>file:/home/ccslearner/NetBeansProjects/pc_rental/web/view_pc.jsp</file>
            <file>file:/home/ccslearner/NetBeansProjects/pc_rental/web/pc_information.jsp</file>
            <file>file:/home/ccslearner/NetBeansProjects/pc_rental/src/java/pc_rental_management/account.java</file>
        </group>
    </open-files>
</project-private>
